,Actual Value,goodloan_prob,defaulters_prob,Predicted Value
0,1.0,0.04321154952851114,0.9567884504714889,1.0
1,0.0,0.9339076550235561,0.06609234497644394,0.0
2,0.0,0.7132635537132287,0.2867364462867713,0.0
3,0.0,0.9071223061339202,0.09287769386607977,0.0
4,0.0,0.8922257904858666,0.10777420951413345,0.0
5,0.0,0.8976524114644509,0.10234758853554914,0.0
6,0.0,0.5894539015572997,0.41054609844270035,0.0
7,0.0,0.7659853907719927,0.23401460922800738,0.0
8,0.0,0.6842151739020403,0.3157848260979597,0.0
9,0.0,0.9241689316081513,0.07583106839184875,0.0
10,0.0,0.9717124517918294,0.028287548208170536,0.0
11,0.0,0.9509976784592824,0.04900232154071761,0.0
12,1.0,0.5529018478994105,0.44709815210058945,0.0
13,1.0,0.521884856239605,0.47811514376039493,0.0
14,0.0,0.8191117876003675,0.18088821239963243,0.0
15,0.0,0.6470288190733431,0.35297118092665686,0.0
16,0.0,0.9136973244716105,0.08630267552838954,0.0
17,0.0,0.932058443913212,0.06794155608678801,0.0
18,1.0,0.9401787857905348,0.05982121420946517,0.0
19,0.0,0.8412119084176877,0.15878809158231236,0.0
20,0.0,0.8418345543700613,0.1581654456299387,0.0
21,0.0,0.6417034409461948,0.35829655905380525,0.0
22,0.0,0.9783945942164106,0.021605405783589413,0.0
23,0.0,0.8863331744700532,0.1136668255299468,0.0
24,0.0,0.9429307102574358,0.05706928974256422,0.0
25,1.0,0.5430449839738551,0.4569550160261449,0.0
26,0.0,0.8761322943989474,0.12386770560105262,0.0
27,1.0,0.827815829875279,0.172184170124721,0.0
28,0.0,0.9399943378807301,0.060005662119269894,0.0
29,1.0,0.5102350298924132,0.48976497010758685,0.0
30,0.0,0.6474514181605279,0.35254858183947213,0.0
31,0.0,0.8878327341169072,0.11216726588309278,0.0
32,0.0,0.8790285828477271,0.12097141715227291,0.0
33,0.0,0.8809372348097384,0.11906276519026159,0.0
34,0.0,0.8780987596910224,0.12190124030897767,0.0
35,0.0,0.9429793225401863,0.05702067745981368,0.0
36,1.0,0.569809933558236,0.43019006644176405,0.0
37,0.0,0.72507801674248,0.2749219832575201,0.0
38,0.0,0.9156568299086563,0.08434317009134375,0.0
39,0.0,0.6561528034245777,0.3438471965754223,0.0
40,0.0,0.9740900271618866,0.025909972838113388,0.0
41,0.0,0.7616067762265166,0.2383932237734834,0.0
42,0.0,0.9472713258534056,0.05272867414659444,0.0
43,1.0,0.2281570967865083,0.7718429032134917,1.0
44,0.0,0.9396657870225773,0.06033421297742271,0.0
45,1.0,0.9138887616813585,0.08611123831864152,0.0
46,0.0,0.8394074077254621,0.16059259227453795,0.0
47,0.0,0.8734961987455643,0.12650380125443575,0.0
48,0.0,0.8675227101843452,0.13247728981565476,0.0
49,0.0,0.5689505396691528,0.4310494603308473,0.0
50,0.0,0.9520074211472669,0.04799257885273307,0.0
51,0.0,0.9715455517439672,0.028454448256032838,0.0
52,0.0,0.7921360336129479,0.2078639663870521,0.0
53,0.0,0.9848459900046208,0.015154009995379204,0.0
54,0.0,0.6770041369885982,0.32299586301140176,0.0
55,0.0,0.9499721699561939,0.05002783004380604,0.0
56,0.0,0.9059625824204679,0.09403741757953213,0.0
57,0.0,0.8348471552609684,0.16515284473903155,0.0
58,0.0,0.9654582401430282,0.03454175985697182,0.0
59,0.0,0.9132971091208832,0.08670289087911676,0.0
60,0.0,0.7786071261275308,0.22139287387246917,0.0
61,0.0,0.11827709061985325,0.8817229093801467,1.0
62,0.0,0.85963861240592,0.14036138759408,0.0
63,0.0,0.9365393110441844,0.06346068895581564,0.0
64,0.0,0.8730901165469729,0.1269098834530271,0.0
65,0.0,0.9314306447929807,0.06856935520701936,0.0
66,0.0,0.9814051557430209,0.018594844256979156,0.0
67,1.0,0.7507269745169527,0.24927302548304728,0.0
68,0.0,0.9611594228631747,0.03884057713682534,0.0
69,0.0,0.15451423426936284,0.8454857657306372,1.0
70,0.0,0.9671269510091484,0.03287304899085159,0.0
71,0.0,0.8827246222545739,0.11727537774542612,0.0
72,0.0,0.9288654504571356,0.07113454954286434,0.0
73,0.0,0.9506811674378162,0.049318832562183806,0.0
74,0.0,0.9196906656205476,0.08030933437945244,0.0
75,0.0,0.9483240675935649,0.051675932406435095,0.0
76,1.0,0.6607624872538689,0.3392375127461311,0.0
77,0.0,0.9428796890466417,0.05712031095335834,0.0
78,0.0,0.9444957950277796,0.05550420497222042,0.0
79,0.0,0.9111947606421291,0.08880523935787084,0.0
80,0.0,0.9627877290032545,0.037212270996745525,0.0
81,1.0,0.5960305365513134,0.40396946344868656,0.0
82,0.0,0.9480399598454757,0.05196004015452425,0.0
83,0.0,0.925852094374343,0.07414790562565697,0.0
84,0.0,0.8645939236001882,0.13540607639981186,0.0
85,0.0,0.8124126006819736,0.18758739931802643,0.0
86,0.0,0.6078617020602805,0.39213829793971955,0.0
87,0.0,0.971777376632898,0.02822262336710197,0.0
88,0.0,0.8307799077956444,0.16922009220435558,0.0
89,0.0,0.8963585716662971,0.10364142833370292,0.0
90,0.0,0.9563300409788767,0.04366995902112327,0.0
91,0.0,0.751746342441574,0.24825365755842596,0.0
92,0.0,0.9867861960281066,0.013213803971893447,0.0
93,0.0,0.9052912694474116,0.0947087305525884,0.0
94,1.0,0.8395175852643064,0.16048241473569352,0.0
95,1.0,0.5619368620306064,0.4380631379693936,0.0
96,0.0,0.9383166498209059,0.06168335017909404,0.0
97,0.0,0.8892520397439736,0.11074796025602641,0.0
98,0.0,0.7313458987069523,0.2686541012930477,0.0
99,1.0,0.5827803108115523,0.4172196891884477,0.0
100,0.0,0.9708680391135148,0.029131960886485158,0.0
101,0.0,0.9374176841375156,0.0625823158624844,0.0
102,0.0,0.9244756989662715,0.07552430103372855,0.0
103,0.0,0.9219117923794011,0.07808820762059888,0.0
104,1.0,0.6873569660391821,0.3126430339608179,0.0
105,0.0,0.7276924241279146,0.27230757587208543,0.0
106,0.0,0.6618734191985515,0.33812658080144853,0.0
107,0.0,0.9172025160779698,0.08279748392203026,0.0
108,0.0,0.3802162030952224,0.6197837969047776,1.0
109,0.0,0.9494787923906658,0.05052120760933423,0.0
110,0.0,0.8736813027904295,0.12631869720957048,0.0
111,0.0,0.7985169296866237,0.20148307031337634,0.0
112,0.0,0.8242684131576017,0.17573158684239834,0.0
113,0.0,0.9661476970712726,0.03385230292872738,0.0
114,0.0,0.8679217430048871,0.13207825699511294,0.0
115,0.0,0.992202874296086,0.007797125703914034,0.0
116,0.0,0.937105710797983,0.062894289202017,0.0
117,0.0,0.9026409041047004,0.09735909589529952,0.0
118,0.0,0.7032982507562402,0.29670174924375975,0.0
119,0.0,0.8043174735576429,0.19568252644235706,0.0
120,0.0,0.9891469970563253,0.010853002943674772,0.0
121,1.0,0.8787294701880406,0.12127052981195939,0.0
122,0.0,0.85750918403842,0.14249081596158,0.0
123,0.0,0.8991254158500535,0.1008745841499465,0.0
124,0.0,0.9496126879224924,0.05038731207750757,0.0
125,0.0,0.7949015821509428,0.20509841784905722,0.0
126,0.0,0.30435033319378124,0.6956496668062188,1.0
127,0.0,0.9601014660651898,0.03989853393481022,0.0
128,0.0,0.824798072545374,0.17520192745462607,0.0
129,0.0,0.9183510185585727,0.08164898144142727,0.0
130,0.0,0.8599739067545042,0.14002609324549575,0.0
131,0.0,0.9794687476892924,0.020531252310707654,0.0
132,0.0,0.9718087404956671,0.0281912595043329,0.0
133,0.0,0.8648500809208856,0.13514991907911444,0.0
134,0.0,0.8910701566201933,0.10892984337980673,0.0
135,1.0,0.5754817149534368,0.4245182850465632,0.0
136,0.0,0.9185953934922437,0.08140460650775629,0.0
137,0.0,0.9643583681318587,0.03564163186814133,0.0
138,0.0,0.8851898161524571,0.11481018384754293,0.0
139,0.0,0.920834505869232,0.07916549413076795,0.0
140,0.0,0.8356512066513317,0.16434879334866825,0.0
141,0.0,0.9701637031390012,0.02983629686099879,0.0
142,0.0,0.5323346729471632,0.46766532705283687,0.0
143,0.0,0.990370657246423,0.009629342753576946,0.0
144,0.0,0.8857822738539259,0.1142177261460741,0.0
145,0.0,0.9834842906970303,0.016515709302969746,0.0
146,0.0,0.8133419668304303,0.18665803316956978,0.0
147,0.0,0.8614527408685575,0.13854725913144253,0.0
148,0.0,0.6519034096997209,0.34809659030027906,0.0
149,0.0,0.8345130456642667,0.1654869543357333,0.0
150,0.0,0.9253789129879106,0.07462108701208935,0.0
151,0.0,0.9818620411026902,0.018137958897309885,0.0
152,0.0,0.8878899200674585,0.11211007993254155,0.0
153,0.0,0.9416635306459142,0.05833646935408581,0.0
154,1.0,0.6049842342206637,0.39501576577933634,0.0
155,0.0,0.9195445596829667,0.08045544031703329,0.0
156,0.0,0.7011811248469376,0.2988188751530624,0.0
157,1.0,0.8778977613561519,0.12210223864384802,0.0
158,0.0,0.9668975883814166,0.033102411618583384,0.0
159,0.0,0.9610256623244647,0.03897433767553525,0.0
160,0.0,0.9008645979634767,0.09913540203652323,0.0
161,0.0,0.9837845178234149,0.016215482176585083,0.0
162,1.0,0.5212268939077169,0.4787731060922831,0.0
163,0.0,0.9601208452968355,0.03987915470316451,0.0
164,0.0,0.984056216973636,0.01594378302636404,0.0
165,0.0,0.9294669303763542,0.07053306962364582,0.0
166,0.0,0.9609400306138305,0.03905996938616952,0.0
167,1.0,0.6838186991576178,0.3161813008423822,0.0
168,0.0,0.8964536092887664,0.10354639071123366,0.0
169,0.0,0.9476079380119667,0.052392061988033214,0.0
170,1.0,0.4906003575962522,0.5093996424037478,1.0
171,0.0,0.8493243673647105,0.1506756326352895,0.0
172,0.0,0.9558569099978509,0.044143090002149096,0.0
173,1.0,0.9388499948102794,0.06115000518972062,0.0
174,0.0,0.8044655318709909,0.19553446812900913,0.0
175,0.0,0.9204894465589737,0.07951055344102632,0.0
176,0.0,0.7365772377329682,0.2634227622670317,0.0
177,0.0,0.8166109232682861,0.1833890767317139,0.0
178,0.0,0.8874849466607744,0.11251505333922557,0.0
179,0.0,0.9791815568903447,0.020818443109655353,0.0
180,1.0,0.905432361430049,0.094567638569951,0.0
181,0.0,0.8327143676372029,0.16728563236279717,0.0
182,0.0,0.9286420981337982,0.07135790186620186,0.0
183,0.0,0.9622992227981645,0.03770077720183548,0.0
184,0.0,0.9788617622469583,0.021138237753041716,0.0
185,1.0,0.49972265212028755,0.5002773478797125,1.0
186,0.0,0.9873510719235615,0.012648928076438483,0.0
187,0.0,0.8686486986564441,0.1313513013435559,0.0
188,0.0,0.8535624371616332,0.1464375628383668,0.0
189,1.0,0.5455673560294682,0.45443264397053185,0.0
190,0.0,0.8584863058501235,0.1415136941498764,0.0
191,0.0,0.8712588156369374,0.12874118436306253,0.0
192,1.0,0.6486303759098313,0.35136962409016864,0.0
193,0.0,0.8756752661466563,0.1243247338533438,0.0
194,0.0,0.461752215009683,0.538247784990317,1.0
195,0.0,0.9013084610030703,0.0986915389969297,0.0
196,0.0,0.9757987928596337,0.0242012071403663,0.0
197,1.0,0.5783270503680991,0.421672949631901,0.0
198,0.0,0.9433700182854301,0.056629981714569906,0.0
199,0.0,0.9662920389831362,0.03370796101686385,0.0
200,0.0,0.910433737127134,0.08956626287286595,0.0
201,0.0,0.8439119754647881,0.15608802453521192,0.0
202,1.0,0.9152860095129498,0.08471399048705022,0.0
203,0.0,0.564499225409542,0.43550077459045805,0.0
204,0.0,0.9517232059576645,0.048276794042335563,0.0
205,0.0,0.8027960597703001,0.19720394022969992,0.0
206,0.0,0.9524738883582046,0.047526111641795404,0.0
207,1.0,0.4893787032555852,0.5106212967444148,1.0
208,0.0,0.9670290099493075,0.03297099005069246,0.0
209,0.0,0.9682162725657363,0.031783727434263685,0.0
210,0.0,0.7980359786647121,0.20196402133528787,0.0
211,0.0,0.8614842904839967,0.13851570951600334,0.0
212,0.0,0.9177860723305817,0.08221392766941825,0.0
213,0.0,0.5873050772228543,0.41269492277714565,0.0
214,0.0,0.9249925714227341,0.07500742857726597,0.0
215,0.0,0.9553636248839956,0.04463637511600441,0.0
216,1.0,0.7735951273049578,0.22640487269504214,0.0
217,0.0,0.9615353436908363,0.038464656309163736,0.0
218,0.0,0.8099682317149737,0.19003176828502627,0.0
219,0.0,0.9690087958543475,0.030991204145652446,0.0
220,1.0,0.8278035285135866,0.17219647148641334,0.0
221,0.0,0.6996275728086081,0.3003724271913919,0.0
222,0.0,0.9700291342623752,0.029970865737624725,0.0
223,0.0,0.914718596079172,0.08528140392082792,0.0
224,0.0,0.9844968691840938,0.015503130815906105,0.0
225,0.0,0.8865458841252724,0.11345411587472766,0.0
226,0.0,0.9673285895992061,0.03267141040079394,0.0
227,0.0,0.31226726034909347,0.6877327396509065,1.0
228,0.0,0.932573738079294,0.067426261920706,0.0
229,0.0,0.6846211593918172,0.3153788406081828,0.0
230,0.0,0.9470713507833877,0.0529286492166123,0.0
231,0.0,0.9369161845725908,0.06308381542740915,0.0
232,0.0,0.9855861594713113,0.014413840528688639,0.0
233,0.0,0.9020779498520056,0.09792205014799434,0.0
234,0.0,0.9555645726372182,0.0444354273627818,0.0
235,0.0,0.8933670147055951,0.10663298529440486,0.0
236,0.0,0.7430837319690036,0.2569162680309964,0.0
237,0.0,0.9758227396720671,0.024177260327932857,0.0
238,0.0,0.9443502566579545,0.055649743342045525,0.0
239,0.0,0.8534677205166056,0.14653227948339445,0.0
240,0.0,0.7662834995258406,0.23371650047415937,0.0
241,0.0,0.9399939096395217,0.060006090360478374,0.0
242,0.0,0.9727036282938463,0.02729637170615368,0.0
243,1.0,0.7962147747558742,0.20378522524412582,0.0
244,1.0,0.6290336219907728,0.37096637800922716,0.0
245,0.0,0.951848124947784,0.048151875052216006,0.0
246,0.0,0.7465037504507994,0.2534962495492005,0.0
247,0.0,0.8586526332364824,0.14134736676351753,0.0
248,0.0,0.268907971251651,0.731092028748349,1.0
249,0.0,0.8071766440026618,0.19282335599733819,0.0
250,0.0,0.9568806680279809,0.04311933197201908,0.0
251,0.0,0.9240401137713384,0.07595988622866154,0.0
252,0.0,0.8715234567045543,0.1284765432954457,0.0
253,0.0,0.7115106341971038,0.2884893658028962,0.0
254,0.0,0.923351058277353,0.07664894172264698,0.0
255,0.0,0.4148542654042422,0.5851457345957578,1.0
256,0.0,0.9199175397650458,0.0800824602349542,0.0
257,0.0,0.8922965060245956,0.10770349397540431,0.0
258,0.0,0.9568044046621521,0.043195595337847933,0.0
259,0.0,0.8776320562688733,0.12236794373112671,0.0
260,0.0,0.9177934499508191,0.0822065500491809,0.0
261,1.0,0.6118571011302723,0.38814289886972775,0.0
262,1.0,0.4907408511242489,0.5092591488757511,1.0
263,0.0,0.9815880888008365,0.0184119111991635,0.0
264,1.0,0.7345275439212798,0.26547245607872016,0.0
265,0.0,0.8536066229461705,0.1463933770538295,0.0
266,1.0,0.8369183080757471,0.16308169192425295,0.0
267,0.0,0.8710933157700749,0.12890668422992516,0.0
268,0.0,0.7728837547536567,0.2271162452463433,0.0
269,0.0,0.9567771286404718,0.0432228713595282,0.0
270,0.0,0.9587337112414067,0.041266288758593256,0.0
271,0.0,0.9123235734740474,0.08767642652595259,0.0
272,0.0,0.9937936946349583,0.00620630536504178,0.0
273,0.0,0.634637404805853,0.365362595194147,0.0
274,0.0,0.7782913669410811,0.2217086330589188,0.0
275,0.0,0.9670427631424934,0.032957236857506636,0.0
276,0.0,0.9415567609375657,0.05844323906243426,0.0
277,0.0,0.9215813772940064,0.07841862270599367,0.0
278,0.0,0.9132784209235589,0.08672157907644111,0.0
279,0.0,0.9660700161628579,0.0339299838371421,0.0
280,0.0,0.9706475162844355,0.029352483715564516,0.0
281,0.0,0.9211880151075065,0.0788119848924935,0.0
282,0.0,0.9688185224827868,0.03118147751721328,0.0
283,0.0,0.6682848616745545,0.3317151383254456,0.0
284,0.0,0.9445332918432602,0.055466708156739805,0.0
285,0.0,0.9630825657071609,0.036917434292839134,0.0
286,0.0,0.9164686151077279,0.08353138489227213,0.0
287,0.0,0.7453701381647728,0.25462986183522723,0.0
288,1.0,0.8987144624229493,0.10128553757705067,0.0
289,0.0,0.8274042659836802,0.1725957340163198,0.0
290,0.0,0.884273148945463,0.11572685105453695,0.0
291,0.0,0.8819121812393989,0.11808781876060113,0.0
292,0.0,0.9753504341125075,0.024649565887492494,0.0
293,0.0,0.8716213452494759,0.1283786547505241,0.0
294,0.0,0.903305747371214,0.09669425262878596,0.0
295,1.0,0.9262323260504433,0.07376767394955679,0.0
296,0.0,0.9636020943836899,0.03639790561631007,0.0
297,1.0,0.9545027187924264,0.04549728120757353,0.0
298,1.0,0.9615778695214999,0.0384221304785001,0.0
299,0.0,0.9779303654266657,0.022069634573334378,0.0
300,0.0,0.8843813442823382,0.11561865571766186,0.0
301,1.0,0.36745029130131446,0.6325497086986855,1.0
302,0.0,0.8620048553408188,0.13799514465918122,0.0
303,0.0,0.8198662991515703,0.18013370084842975,0.0
304,0.0,0.9528155167217423,0.047184483278257694,0.0
305,0.0,0.9698653867444752,0.030134613255524818,0.0
306,0.0,0.8790482184537096,0.12095178154629035,0.0
307,0.0,0.9757402692123889,0.02425973078761109,0.0
308,0.0,0.6994486780564078,0.30055132194359224,0.0
309,1.0,0.2032343618189565,0.7967656381810435,1.0
310,0.0,0.5399600631639904,0.46003993683600963,0.0
311,0.0,0.9314928092250384,0.0685071907749616,0.0
312,0.0,0.9480297009643984,0.051970299035601596,0.0
313,0.0,0.9654202919030335,0.034579708096966554,0.0
314,0.0,0.7243735037170502,0.27562649628294983,0.0
315,1.0,0.7225749971935359,0.2774250028064641,0.0
316,0.0,0.6654981778521922,0.3345018221478078,0.0
317,0.0,0.9059046690472765,0.09409533095272343,0.0
318,1.0,0.9246387984265552,0.07536120157344478,0.0
319,0.0,0.9475262069161635,0.05247379308383645,0.0
320,0.0,0.6014566096774436,0.3985433903225563,0.0
321,0.0,0.9363134893949635,0.06368651060503647,0.0
322,0.0,0.9316319185389867,0.06836808146101324,0.0
323,0.0,0.9094176028570037,0.09058239714299628,0.0
324,0.0,0.886879891230328,0.11312010876967202,0.0
325,1.0,0.9383765651381897,0.061623434861810274,0.0
326,0.0,0.8569668431827531,0.143033156817247,0.0
327,0.0,0.8643711453276723,0.13562885467232766,0.0
328,0.0,0.934112147472346,0.06588785252765392,0.0
329,1.0,0.970870897122486,0.02912910287751399,0.0
330,0.0,0.9542983678690228,0.04570163213097726,0.0
331,0.0,0.956102202420665,0.04389779757933503,0.0
332,0.0,0.8855679186299212,0.11443208137007882,0.0
333,0.0,0.9446269016822896,0.05537309831771045,0.0
334,0.0,0.9752525665673643,0.024747433432635718,0.0
335,0.0,0.8780792212694359,0.12192077873056409,0.0
336,0.0,0.9582102512689215,0.04178974873107859,0.0
337,0.0,0.973310651088942,0.026689348911058012,0.0
338,1.0,0.7037614842771138,0.2962385157228861,0.0
339,0.0,0.873043845211642,0.12695615478835795,0.0
340,0.0,0.8766779562331201,0.12332204376687993,0.0
341,1.0,0.6992897263412494,0.30071027365875064,0.0
342,0.0,0.9195136888258194,0.08048631117418055,0.0
343,0.0,0.9423973736299102,0.05760262637008982,0.0
344,0.0,0.9775419858164085,0.022458014183591467,0.0
345,1.0,0.5923544052836756,0.4076455947163244,0.0
346,0.0,0.8667280702897472,0.13327192971025284,0.0
347,1.0,0.09455476545241337,0.9054452345475866,1.0
348,0.0,0.7481166322214015,0.25188336777859854,0.0
349,0.0,0.9530234609548682,0.04697653904513172,0.0
350,1.0,0.8261874988789317,0.17381250112106822,0.0
351,0.0,0.7956926081193862,0.20430739188061378,0.0
352,1.0,0.5919047001729056,0.40809529982709436,0.0
353,0.0,0.9115811196177628,0.08841888038223727,0.0
354,0.0,0.9033829005950302,0.09661709940496978,0.0
355,0.0,0.865046780906789,0.13495321909321106,0.0
356,0.0,0.9477587587571812,0.05224124124281881,0.0
357,0.0,0.9348972264834131,0.06510277351658685,0.0
358,1.0,0.8268483540342736,0.17315164596572638,0.0
359,1.0,0.7875760646659823,0.2124239353340177,0.0
360,0.0,0.8625568460656927,0.13744315393430726,0.0
361,0.0,0.9730899209871672,0.026910079012832808,0.0
362,0.0,0.4449186957036877,0.5550813042963123,1.0
363,1.0,0.8254503782435483,0.17454962175645167,0.0
364,0.0,0.4640634298887163,0.5359365701112837,1.0
365,0.0,0.9529398754677121,0.04706012453228786,0.0
366,1.0,0.0794408622303241,0.9205591377696759,1.0
367,0.0,0.5717075389294961,0.42829246107050384,0.0
368,1.0,0.9167207451008222,0.08327925489917773,0.0
369,0.0,0.8043252799590129,0.19567472004098707,0.0
370,1.0,0.3212500987671195,0.6787499012328805,1.0
371,0.0,0.9719469060619644,0.028053093938035567,0.0
372,0.0,0.9311808366903255,0.06881916330967454,0.0
373,0.0,0.8236526814115062,0.1763473185884938,0.0
374,0.0,0.7254121526474255,0.27458784735257447,0.0
375,0.0,0.9270383607883377,0.07296163921166232,0.0
376,0.0,0.842166071522596,0.15783392847740396,0.0
377,0.0,0.9645276145790275,0.035472385420972564,0.0
378,0.0,0.9308400191323594,0.06915998086764066,0.0
379,0.0,0.9519050846110568,0.04809491538894312,0.0
380,0.0,0.9800638858240356,0.019936114175964376,0.0
381,0.0,0.8752845903321781,0.1247154096678219,0.0
382,0.0,0.9777164614529773,0.022283538547022644,0.0
383,0.0,0.8439423641851668,0.1560576358148332,0.0
384,0.0,0.560063752677002,0.439936247322998,0.0
385,0.0,0.5162198467862547,0.4837801532137454,0.0
386,0.0,0.9007733103732244,0.09922668962677558,0.0
387,0.0,0.8176347411696319,0.1823652588303681,0.0
388,0.0,0.9299041931561731,0.07009580684382687,0.0
389,0.0,0.9058559540828273,0.09414404591717276,0.0
390,0.0,0.9404186307315219,0.059581369268478075,0.0
391,1.0,0.9104381107020848,0.08956188929791523,0.0
392,1.0,0.9289430814959512,0.07105691850404883,0.0
393,1.0,0.9868394717606431,0.013160528239356921,0.0
394,0.0,0.8969615891142317,0.10303841088576823,0.0
395,0.0,0.9027402901258215,0.09725970987417851,0.0
396,0.0,0.9352118423123578,0.06478815768764228,0.0
397,1.0,0.8897970477323303,0.11020295226766977,0.0
398,0.0,0.9684438928647379,0.0315561071352621,0.0
399,0.0,0.9174713553160815,0.08252864468391853,0.0
400,0.0,0.940355419607384,0.059644580392616026,0.0
401,0.0,0.9272221802685964,0.07277781973140358,0.0
402,1.0,0.7159647092163826,0.2840352907836175,0.0
403,0.0,0.7493411590287318,0.2506588409712683,0.0
404,0.0,0.9665597965690879,0.03344020343091218,0.0
405,0.0,0.8681121832160928,0.13188781678390712,0.0
406,0.0,0.9217479397383501,0.07825206026164994,0.0
407,0.0,0.9493216881505923,0.05067831184940772,0.0
408,1.0,0.614799845604254,0.38520015439574595,0.0
409,0.0,0.672549158144345,0.32745084185565493,0.0
410,0.0,0.9185153695578314,0.08148463044216861,0.0
411,0.0,0.8466407783338741,0.15335922166612598,0.0
412,0.0,0.43056547542834145,0.5694345245716586,1.0
413,0.0,0.9783476633063245,0.02165233669367547,0.0
414,0.0,0.9181007587147495,0.08189924128525046,0.0
415,0.0,0.42133243276064036,0.5786675672393596,1.0
416,0.0,0.8928533928538047,0.10714660714619523,0.0
417,0.0,0.7847695261877543,0.21523047381224572,0.0
418,0.0,0.503671717321776,0.4963282826782241,0.0
419,0.0,0.9624763231140385,0.03752367688596148,0.0
420,0.0,0.8675156078702646,0.13248439212973534,0.0
421,0.0,0.9449626973061849,0.05503730269381514,0.0
422,0.0,0.9760719714557159,0.02392802854428413,0.0
423,0.0,0.9653192041399459,0.03468079586005418,0.0
424,1.0,0.7098814997691911,0.2901185002308088,0.0
425,0.0,0.7526012354526946,0.2473987645473054,0.0
426,0.0,0.8890089345646042,0.11099106543539587,0.0
427,0.0,0.858736752901589,0.14126324709841098,0.0
428,0.0,0.9343950277905905,0.06560497220940954,0.0
429,1.0,0.7281028549976941,0.2718971450023059,0.0
430,0.0,0.9195107133537783,0.0804892866462217,0.0
431,0.0,0.9700960189447797,0.02990398105522033,0.0
432,0.0,0.9059920316949052,0.09400796830509485,0.0
433,0.0,0.925179415693877,0.07482058430612303,0.0
434,0.0,0.7845552529049309,0.21544474709506914,0.0
435,0.0,0.54712885197489,0.45287114802510997,0.0
436,0.0,0.9593931354356888,0.04060686456431119,0.0
437,0.0,0.7001368609842727,0.29986313901572725,0.0
438,0.0,0.9599020781076171,0.04009792189238288,0.0
439,1.0,0.7020897169768617,0.29791028302313827,0.0
440,0.0,0.4916777355350328,0.5083222644649672,1.0
441,0.0,0.7669051866702843,0.23309481332971566,0.0
442,0.0,0.9645054806689018,0.03549451933109818,0.0
443,1.0,0.14350064401568963,0.8564993559843104,1.0
444,1.0,0.8854686076267776,0.11453139237322237,0.0
445,0.0,0.9460927598689008,0.053907240131099134,0.0
446,0.0,0.7318890424237643,0.26811095757623576,0.0
447,1.0,0.7734428630138583,0.2265571369861416,0.0
448,0.0,0.8521941353610422,0.14780586463895787,0.0
449,0.0,0.9786422159077798,0.02135778409222021,0.0
450,1.0,0.7896581074837107,0.21034189251628932,0.0
451,0.0,0.9381119318684545,0.061888068131545446,0.0
452,0.0,0.9402692882709497,0.059730711729050284,0.0
453,0.0,0.7776321944031882,0.22236780559681182,0.0
454,0.0,0.28276337148402164,0.7172366285159784,1.0
455,0.0,0.8489474722507351,0.15105252774926498,0.0
456,0.0,0.9093862865047025,0.09061371349529745,0.0
457,0.0,0.8424336087453734,0.15756639125462651,0.0
458,0.0,0.9286400050755657,0.07135999492443434,0.0
459,1.0,0.9353566033515786,0.0646433966484215,0.0
460,0.0,0.9607326533477123,0.03926734665228769,0.0
461,0.0,0.972988147306453,0.02701185269354697,0.0
462,0.0,0.5590049205594578,0.4409950794405422,0.0
463,0.0,0.972589852703379,0.027410147296620953,0.0
464,0.0,0.83850093239913,0.16149906760086996,0.0
465,0.0,0.9597583297098813,0.04024167029011867,0.0
466,1.0,0.9415840809996348,0.05841591900036527,0.0
467,0.0,0.9822139828134137,0.017786017186586362,0.0
468,0.0,0.8434900992652415,0.15650990073475848,0.0
469,0.0,0.673067686814802,0.32693231318519794,0.0
470,0.0,0.8776097078593894,0.12239029214061063,0.0
471,1.0,0.7689682006129626,0.23103179938703747,0.0
472,1.0,0.9285126764542622,0.07148732354573788,0.0
473,1.0,0.5661017097712224,0.43389829022877763,0.0
474,0.0,0.8527635503919256,0.1472364496080744,0.0
475,0.0,0.9010924774395033,0.09890752256049674,0.0
476,0.0,0.9510340411941886,0.04896595880581143,0.0
477,0.0,0.9094228388853515,0.0905771611146485,0.0
478,1.0,0.8018528541188603,0.19814714588113969,0.0
479,0.0,0.9380711894016105,0.061928810598389554,0.0
480,0.0,0.678587884838094,0.32141211516190604,0.0
481,0.0,0.9408806025291386,0.05911939747086141,0.0
482,0.0,0.8979180837099591,0.10208191629004094,0.0
483,0.0,0.9160914637211303,0.08390853627886977,0.0
484,0.0,0.9492337525702682,0.050766247429731806,0.0
485,0.0,0.8648643982201204,0.13513560177987957,0.0
486,0.0,0.7023292187581229,0.2976707812418771,0.0
487,0.0,0.837245555445287,0.16275444455471297,0.0
488,0.0,0.9537742081676586,0.0462257918323414,0.0
489,0.0,0.623787230625849,0.3762127693741511,0.0
490,0.0,0.928873575515361,0.07112642448463902,0.0
491,0.0,0.9681552234788433,0.0318447765211567,0.0
492,0.0,0.9068289252447632,0.09317107475523673,0.0
493,0.0,0.9565676743519603,0.04343232564803967,0.0
494,0.0,0.9622215376241816,0.037778462375818424,0.0
495,1.0,0.8504934057613016,0.14950659423869841,0.0
496,0.0,0.821372257150904,0.17862774284909602,0.0
497,0.0,0.5804254132354238,0.41957458676457615,0.0
498,0.0,0.8941194986995697,0.10588050130043024,0.0
499,0.0,0.8884153296062886,0.11158467039371145,0.0
500,0.0,0.967253933742924,0.03274606625707604,0.0
501,0.0,0.9150437728552043,0.08495622714479567,0.0
502,0.0,0.6987635942885495,0.30123640571145055,0.0
503,0.0,0.9813630102580058,0.018636989741994268,0.0
504,1.0,0.8646066565827939,0.13539334341720605,0.0
505,0.0,0.6644000902147493,0.33559990978525067,0.0
506,0.0,0.8562036302542099,0.14379636974579016,0.0
507,0.0,0.7605967634386973,0.2394032365613027,0.0
508,0.0,0.7993033448738762,0.20069665512612378,0.0
509,0.0,0.9807689329249011,0.019231067075098966,0.0
510,0.0,0.9508485518452664,0.04915144815473364,0.0
511,1.0,0.6556802260764193,0.3443197739235807,0.0
512,0.0,0.9090014243806652,0.09099857561933479,0.0
513,0.0,0.9686591651037971,0.03134083489620289,0.0
514,1.0,0.805286950403767,0.19471304959623306,0.0
515,0.0,0.9212142077632458,0.07878579223675422,0.0
516,0.0,0.9005663632325791,0.0994336367674209,0.0
517,0.0,0.9016400725219598,0.09835992747804027,0.0
518,0.0,0.8453528376656485,0.15464716233435144,0.0
519,1.0,0.679426454271338,0.320573545728662,0.0
520,0.0,0.8763019412502151,0.12369805874978496,0.0
521,0.0,0.9523834459774303,0.047616554022569695,0.0
522,0.0,0.8529035992413213,0.14709640075867872,0.0
523,1.0,0.9206566317486659,0.07934336825133412,0.0
524,0.0,0.5663110210574454,0.4336889789425547,0.0
525,0.0,0.9119936802970958,0.08800631970290418,0.0
526,1.0,0.51450743351547,0.48549256648453,0.0
527,0.0,0.9579598005580101,0.04204019944198993,0.0
528,1.0,0.5680406669945118,0.43195933300548817,0.0
529,0.0,0.8317271368249833,0.1682728631750167,0.0
530,0.0,0.8720929993627413,0.12790700063725868,0.0
531,0.0,0.9364311297623638,0.06356887023763629,0.0
532,0.0,0.9450840976346504,0.05491590236534958,0.0
533,1.0,0.5917498089057482,0.4082501910942518,0.0
534,0.0,0.9801834227659743,0.019816577234025797,0.0
535,0.0,0.7650356706498249,0.2349643293501751,0.0
536,0.0,0.5075606392139851,0.4924393607860149,0.0
537,1.0,0.781482943946737,0.21851705605326296,0.0
538,0.0,0.659089570845816,0.34091042915418396,0.0
539,0.0,0.9429285467142337,0.05707145328576634,0.0
540,0.0,0.9312932611693341,0.06870673883066594,0.0
541,0.0,0.9756380295958048,0.024361970404195153,0.0
542,0.0,0.8793143427624908,0.12068565723750924,0.0
543,1.0,0.8225312057344525,0.17746879426554746,0.0
544,0.0,0.9709804923936832,0.029019507606316806,0.0
545,0.0,0.650404596112977,0.349595403887023,0.0
546,0.0,0.9316794079342567,0.06832059206574327,0.0
547,0.0,0.962756518171506,0.03724348182849401,0.0
548,0.0,0.7663961664499481,0.23360383355005193,0.0
549,0.0,0.9714898612395523,0.02851013876044768,0.0
550,0.0,0.9023197171918413,0.09768028280815864,0.0
551,0.0,0.9152331874258709,0.08476681257412913,0.0
552,0.0,0.9594082284954345,0.04059177150456546,0.0
553,0.0,0.9616649999731087,0.03833500002689129,0.0
554,1.0,0.09995389350598294,0.9000461064940171,1.0
555,0.0,0.793680841836489,0.20631915816351099,0.0
556,1.0,0.7406241193919789,0.25937588060802114,0.0
557,0.0,0.9093376633724299,0.09066233662757006,0.0
558,0.0,0.5989572756990831,0.40104272430091686,0.0
559,1.0,0.8702897934171029,0.12971020658289711,0.0
560,0.0,0.9378562499264927,0.06214375007350727,0.0
561,1.0,0.6654395659198797,0.33456043408012026,0.0
562,0.0,0.9477105160152763,0.05228948398472362,0.0
563,0.0,0.6451190253577834,0.3548809746422165,0.0
564,0.0,0.744786853686346,0.25521314631365405,0.0
565,0.0,0.7149448746759823,0.2850551253240177,0.0
566,0.0,0.9568764614762185,0.04312353852378144,0.0
567,0.0,0.8556170979773657,0.1443829020226343,0.0
568,0.0,0.9754390642931154,0.02456093570688451,0.0
569,0.0,0.9347614276533286,0.06523857234667142,0.0
570,0.0,0.9435975905357203,0.05640240946427962,0.0
571,0.0,0.9430987245965907,0.0569012754034093,0.0
572,0.0,0.9472456342545458,0.052754365745454244,0.0
573,1.0,0.7012370219370396,0.2987629780629604,0.0
574,1.0,0.9736070880728587,0.026392911927141275,0.0
575,0.0,0.46217296375918526,0.5378270362408147,1.0
576,0.0,0.8580263116470757,0.14197368835292432,0.0
577,0.0,0.939291274441707,0.06070872555829294,0.0
578,0.0,0.964558850997834,0.035441149002166036,0.0
579,0.0,0.8717204978100345,0.12827950218996556,0.0
580,1.0,0.5024238250418046,0.4975761749581954,0.0
581,0.0,0.7944672660591928,0.20553273394080715,0.0
582,0.0,0.94593709501218,0.054062904987819925,0.0
583,0.0,0.9326666701290407,0.06733332987095925,0.0
584,0.0,0.9722445724205407,0.027755427579459264,0.0
585,0.0,0.8794624479117195,0.12053755208828049,0.0
586,0.0,0.8064680566076091,0.1935319433923909,0.0
587,0.0,0.834947306591957,0.16505269340804293,0.0
588,0.0,0.5024819716250424,0.49751802837495757,0.0
589,0.0,0.8934665008996022,0.10653349910039782,0.0
590,1.0,0.4947376500310702,0.5052623499689298,1.0
591,1.0,0.783613331872566,0.21638666812743398,0.0
592,0.0,0.8968021772065591,0.10319782279344096,0.0
593,0.0,0.9514755911737146,0.048524408826285406,0.0
594,0.0,0.8948479978034628,0.10515200219653721,0.0
595,0.0,0.9794698173518994,0.020530182648100595,0.0
596,0.0,0.9637363174980516,0.036263682501948453,0.0
597,0.0,0.9710734868851526,0.02892651311484743,0.0
598,1.0,0.45888362568604135,0.5411163743139586,1.0
599,0.0,0.8741110265498763,0.12588897345012373,0.0
600,0.0,0.9312647266465701,0.06873527335342983,0.0
601,0.0,0.8032146792624103,0.19678532073758967,0.0
602,0.0,0.8826646999182284,0.11733530008177165,0.0
603,1.0,0.5569632711042237,0.4430367288957763,0.0
604,0.0,0.6605060965109879,0.33949390348901215,0.0
605,1.0,0.5902952485013033,0.4097047514986967,0.0
606,0.0,0.9091103540899064,0.09088964591009357,0.0
607,0.0,0.9655608172720109,0.034439182727989064,0.0
608,0.0,0.9334018122737162,0.06659818772628376,0.0
609,0.0,0.9774619514184482,0.022538048581551794,0.0
610,0.0,0.8583138695300983,0.14168613046990175,0.0
611,0.0,0.9500634438645601,0.049936556135439854,0.0
612,0.0,0.9475434085615617,0.05245659143843828,0.0
613,1.0,0.8123277299322451,0.18767227006775491,0.0
614,0.0,0.8827355971510285,0.1172644028489716,0.0
615,0.0,0.9355214130680338,0.06447858693196612,0.0
616,0.0,0.946765868919568,0.053234131080431964,0.0
617,0.0,0.9605567801487858,0.039443219851214205,0.0
618,0.0,0.8916516125585741,0.10834838744142598,0.0
619,0.0,0.9289561351024275,0.07104386489757253,0.0
620,0.0,0.9933440328948766,0.006655967105123385,0.0
621,0.0,0.8329111533992871,0.16708884660071285,0.0
622,1.0,0.46704448886761274,0.5329555111323873,1.0
623,0.0,0.9360564031990031,0.06394359680099694,0.0
624,0.0,0.9277522293932353,0.07224777060676467,0.0
625,0.0,0.47122354958561796,0.528776450414382,1.0
626,0.0,0.8860570982951851,0.1139429017048149,0.0
627,0.0,0.9750786670269864,0.02492133297301358,0.0
628,0.0,0.975179745607218,0.024820254392782057,0.0
629,0.0,0.9661456042616164,0.03385439573838359,0.0
630,0.0,0.9099557919962012,0.09004420800379875,0.0
631,0.0,0.9578507863670384,0.0421492136329616,0.0
632,0.0,0.9079748025552943,0.09202519744470578,0.0
633,0.0,0.9760316236639114,0.023968376336088646,0.0
634,1.0,0.87931057301845,0.12068942698155004,0.0
635,0.0,0.9486248500966693,0.051375149903330655,0.0
636,0.0,0.5651196886814673,0.4348803113185326,0.0
637,1.0,0.8409584799192424,0.15904152008075756,0.0
638,1.0,0.5746005436991972,0.42539945630080284,0.0
639,0.0,0.9346625397889267,0.06533746021107337,0.0
640,0.0,0.863359977791623,0.13664002220837704,0.0
641,1.0,0.9280143882003609,0.07198561179963915,0.0
642,0.0,0.7299601680801466,0.2700398319198533,0.0
643,0.0,0.9185642782208477,0.08143572177915223,0.0
644,0.0,0.9775353170939772,0.02246468290602278,0.0
645,0.0,0.9744220224588178,0.025577977541182156,0.0
646,0.0,0.9168080918536181,0.08319190814638192,0.0
647,0.0,0.958028631292341,0.041971368707659024,0.0
648,0.0,0.9452965935304434,0.054703406469556584,0.0
649,0.0,0.8928904727914965,0.10710952720850352,0.0
650,0.0,0.8543398676562345,0.14566013234376549,0.0
651,0.0,0.977266546795214,0.02273345320478602,0.0
652,0.0,0.9890238755136377,0.010976124486362324,0.0
653,0.0,0.9539103513267266,0.04608964867327332,0.0
654,0.0,0.8704338406715275,0.1295661593284725,0.0
655,0.0,0.8253353494835298,0.17466465051647015,0.0
656,0.0,0.8515005835226941,0.14849941647730586,0.0
657,0.0,0.8669723161360219,0.13302768386397806,0.0
658,0.0,0.9577399745938479,0.04226002540615216,0.0
659,0.0,0.9629431380540123,0.03705686194598768,0.0
660,0.0,0.9462895027373857,0.05371049726261439,0.0
661,0.0,0.8293190708647505,0.1706809291352495,0.0
662,0.0,0.8521054546975934,0.14789454530240662,0.0
663,1.0,0.8894486730722906,0.11055132692770939,0.0
664,0.0,0.8014243457678835,0.19857565423211657,0.0
665,0.0,0.9543939514730123,0.04560604852698765,0.0
666,0.0,0.8522295087705314,0.14777049122946864,0.0
667,0.0,0.8948738032658857,0.10512619673411425,0.0
668,0.0,0.9544048571111033,0.0455951428888967,0.0
669,0.0,0.7196958398994158,0.28030416010058423,0.0
670,0.0,0.7948351264950457,0.2051648735049543,0.0
671,0.0,0.9675342721384512,0.03246572786154879,0.0
672,0.0,0.9103802471622902,0.08961975283770979,0.0
673,0.0,0.9316354989823523,0.06836450101764768,0.0
674,0.0,0.9720061497481313,0.02799385025186873,0.0
675,0.0,0.9782695952787976,0.021730404721202357,0.0
676,0.0,0.9682694986528932,0.031730501347106706,0.0
677,1.0,0.8839483019420307,0.11605169805796937,0.0
678,0.0,0.6888480853043704,0.3111519146956296,0.0
679,1.0,0.4603478492626355,0.5396521507373645,1.0
680,1.0,0.6331219470902406,0.3668780529097594,0.0
681,0.0,0.8969327851570701,0.10306721484292994,0.0
682,0.0,0.843928315563911,0.15607168443608896,0.0
683,0.0,0.9733830260983014,0.026616973901698607,0.0
684,0.0,0.9620561691506333,0.037943830849366644,0.0
685,0.0,0.3054659808290723,0.6945340191709277,1.0
686,0.0,0.9300960647690547,0.06990393523094525,0.0
687,1.0,0.9285551120509183,0.07144488794908165,0.0
688,1.0,0.8912015428005704,0.10879845719942956,0.0
689,0.0,0.6469672612799899,0.35303273872001,0.0
690,0.0,0.9323586997184188,0.0676413002815812,0.0
691,0.0,0.9751464611901193,0.024853538809880758,0.0
692,0.0,0.9134489816899745,0.08655101831002557,0.0
693,0.0,0.49825292317490755,0.5017470768250925,1.0
694,0.0,0.9662521909661898,0.03374780903381025,0.0
695,0.0,0.9298865759867988,0.07011342401320117,0.0
696,0.0,0.901795486456609,0.09820451354339099,0.0
697,0.0,0.9842315331978869,0.015768466802113083,0.0
698,0.0,0.8422358058214932,0.15776419417850684,0.0
699,0.0,0.9357156666671274,0.06428433333287259,0.0
700,0.0,0.937485423922237,0.06251457607776302,0.0
701,0.0,0.8818726285600794,0.11812737143992061,0.0
702,0.0,0.9734223961910794,0.026577603808920602,0.0
703,0.0,0.9589171070932055,0.04108289290679443,0.0
704,0.0,0.9467198282224937,0.05328017177750635,0.0
705,0.0,0.8747576931213794,0.12524230687862054,0.0
706,0.0,0.9546138745534347,0.04538612544656524,0.0
707,1.0,0.42925187475921145,0.5707481252407886,1.0
708,0.0,0.9389113356196855,0.06108866438031446,0.0
709,0.0,0.8684394979947153,0.13156050200528466,0.0
710,0.0,0.913834584803765,0.08616541519623498,0.0
711,0.0,0.9048866287838756,0.09511337121612438,0.0
712,0.0,0.5120052885570303,0.48799471144296974,0.0
713,0.0,0.9705604303020506,0.029439569697949374,0.0
714,0.0,0.8049262442352088,0.1950737557647912,0.0
715,1.0,0.8593267100948402,0.1406732899051598,0.0
716,1.0,0.8061913620561879,0.1938086379438121,0.0
717,0.0,0.9543028324945076,0.04569716750549239,0.0
718,0.0,0.533116527782822,0.466883472217178,0.0
719,0.0,0.9183495580027272,0.08165044199727284,0.0
720,0.0,0.73269921791332,0.26730078208667996,0.0
721,0.0,0.9180017746472428,0.08199822535275723,0.0
722,0.0,0.9616515310640936,0.03834846893590643,0.0
723,0.0,0.9714718654578871,0.028528134542112882,0.0
724,0.0,0.9813850569866465,0.018614943013353587,0.0
725,0.0,0.8832466215819066,0.11675337841809341,0.0
726,1.0,0.40874865906818914,0.5912513409318109,1.0
727,0.0,0.6715258004621829,0.32847419953781715,0.0
728,1.0,0.40415795148571143,0.5958420485142886,1.0
729,0.0,0.9247240913905829,0.07527590860941713,0.0
730,0.0,0.791679124089624,0.20832087591037599,0.0
731,0.0,0.855385430080976,0.14461456991902394,0.0
732,1.0,0.8260217282358994,0.17397827176410063,0.0
733,0.0,0.9355026812089334,0.06449731879106657,0.0
734,0.0,0.8581773064496961,0.14182269355030383,0.0
735,0.0,0.9542590492907896,0.04574095070921036,0.0
736,0.0,0.8251238132934064,0.17487618670659352,0.0
737,1.0,0.9416298080397986,0.058370191960201406,0.0
738,0.0,0.8584399121609807,0.14156008783901936,0.0
739,0.0,0.9336828154715271,0.06631718452847288,0.0
740,0.0,0.890849421800622,0.10915057819937797,0.0
741,0.0,0.8953802170312198,0.10461978296878016,0.0
742,0.0,0.9228928243117039,0.07710717568829606,0.0
743,0.0,0.9129833707415668,0.08701662925843327,0.0
744,1.0,0.5788156123618575,0.4211843876381424,0.0
745,0.0,0.9822443942678611,0.017755605732138843,0.0
746,0.0,0.9263145572880629,0.07368544271193711,0.0
747,0.0,0.9789565441400773,0.021043455859922733,0.0
748,0.0,0.8656031259837272,0.13439687401627276,0.0
749,0.0,0.9580075959559158,0.04199240404408424,0.0
